<?xml version='1.0' ?>
<IlidsLibraryIndex>
  <Library>
    <scenario>
      Parked Vehicle
    </scenario>
    <dataset>
      AVSS 2007
    </dataset>
    <libversion>
      1.0
    </libversion>
    <clip>
      <filename>
        AVSS PV Hard.mov
      </filename>
      <Stage>
        3
      </Stage>
      <Duration>
        00:02:54
      </Duration>
      <AlarmEvents>
        1
      </AlarmEvents>
      <Weather>
        <TimeOfDay>
          Day
        </TimeOfDay>
        <Clouds>
          Some
        </Clouds>
        <Rain>
          No
        </Rain>
        <Snow>
          No
        </Snow>
      </Weather>
      <Alarms>
        <Alarm>
          <StartTime>
            00:02:12
          </StartTime>
          <AlarmDescription>
            Vehicle parks in a no parking zone
          </AlarmDescription>
          <AlarmDuration>
            00:00:21
          </AlarmDuration>
          <Distance>
            6%
          </Distance>
          <SubjectDescription>
            Car
          </SubjectDescription>
          <SubjectOrientation>
            Facing towards camera
          </SubjectOrientation>
        </Alarm>
      </Alarms>
    </clip>
  </Library>
</IlidsLibraryIndex>
